id	text	title
13893783	Agnes Mortimer, Countess of Pembroke <nowiki> </nowiki> Agnes Mortimer, Countess of Pembroke (1317 – 25 July 1368) was the wife of Laurence Hastings, 1st Earl of Pembroke. She was a daughter of Roger Mortimer, 1st Earl of March and Joan de Geneville, Baroness Geneville. Agnes Mortimer was one of the twelve children of Roger Mortimer, 1st Earl of March and Joan de Geneville, Baroness Geneville. Her paternal grandparents were Edmund Mortimer, 2nd Baron Mortimer and Margaret de Fiennes. Her maternal grandparents were Piers de Geneville, of Trim Castle and Ludlow, and Jeanne of Lusignan. Agnes' father had just been created	Agnes Mortimer, Countess of Pembroke
13157422	George I Šubić of Bribir George I Šubić of Bribir () (c. 1277 – 1302) was the Count of Trogir, and a member of the Croatian Šubić noble family. Juraj I Šubić was brother of Paul I Šubić of Bribir, who was the most powerful Croatian noble at the end of the 13th century and beginning of the 14th century. In Dalmatia, Paul appointed his brothers as commissars of Dalmatian cities. He gave Split to his brother Mladen I, and Šibenik, Nin, Trogir and Omiš to his brother Juraj I Šubić. Juraj I Šubić had his seat in Klis Fortress,	George I Šubić of Bribir
11617151	Secretary of State William P. Rogers restored relations following a visit to Sana'a in July 1972, and a new USAID agreement was concluded in 1973. On December 7, 1967, the United States recognized the People's Democratic Republic of Yemen and elevated its Consulate General in Aden to embassy status. However, relations were strained. The PDRY was placed on the list of nations that support terrorism. On October 24, 1969, south Yemen formally broke diplomatic relations with the United States. The United States and the PDRY reestablished diplomatic relations on April 30, 1990, only 3 weeks before the announcement of unification.	United States–Yemen relations
20536462	"Millôr Fernandes and Gilberto Gil. In 2012 she published ""Umas Palavras - 15 entrevistas memoráveis,"" with compilations of interviews selected from the first ten years of her show. A television screenwriter, she is the co-author of the telenovela ""Tempo de Amar"" on TV Globo (Sept. 2017 – March 2018). Bia Corrêa do Lago is married since 1994 to Pedro Corrêa do Lago, a Brazilian author, publisher and art historian. She has two sons from a previous marriage. Bia Corrêa do Lago Maria Beatriz Fonseca Corrêa do Lago, better known as Bia Corrêa do Lago (Rio de Janeiro, April 3, 1958)"	Bia Corrêa do Lago
16663125	"national television programs, including: Dr. Oz, CNN’s Dr. Sanjay Gupta, Anderson Cooper 360, NBC and ABC affiliates and was a featured speaker at the Georgia Children’s Health Alliance ‘Refocus’ Launch. Following his love of football, Tiger partnered with the NFL, including player Marcus Stroud. Together they started a series of fitness camps to inspire thousands of young people to lose weight and get more active. These Sacking Obesity Health & Wellness Camps are run by Team Tiger and the Marcus Stroud Charitable Foundation. Tiger Greene's ""Sacking Obesity: The Team Tiger Game Plan for Kids Who Want to Lose Weight, Feel"	Team Tiger
1858909	"Lancelot and Elaine of Carbonek, is actually the Knight who is worthy of the Holy Grail. Boorman follows the earlier version of the tale as told by Chrétien de Troyes, making Perceval the grail winner. Some new elements were added, such as Uther wielding Excalibur before Arthur (repeated in ""Merlin""), Merlin's 'Charm of Making' (written in Old Irish), and the concept of the world as ""the dragon"" (probably inspired by the dragon omen seen in Geoffrey of Monmouth's account of Merlin's life). According to linguist Michael Everson, the ""Charm of Making"" that Merlin speaks to invoke the dragon is an"	Excalibur (film)
17356561	"Tie It Up ""Tie It Up"" is a song by American recording artist Kelly Clarkson, written by Ashley Arrison, Shane McAnally and Josh Osborne and released as a stand-alone single by RCA Records and Columbia Nashville on June 25, 2013. ""Tie It Up"" was written by Ashley Arrison, Shane McAnally and Josh Osborne. It marked Clarkson's second solo country single and her third as a main act, following the country reissue of ""Mr. Know It All"" (2012), and ""Don't Rush"" (2012). It was released as a digital download on June 25, 2013 worldwide, making it her first country single to"	Tie It Up
11940111	"Information's ""Britain's Efforts and Ideals"" portfolio of images which were exhibited in Britain and abroad and were also sold as prints to raise money for the war effort. In May 1917 he accepted an official war artist commission from the Department of Information. Kennington was commissioned to spend a month on the Western Front but he applied for numerous extensions and eventually spent seven and a half months in France. Kennington was originally based at the Third Army Headquarters and would spend time at the front lines near Villers-Faucon. Later during this tour, his friend William Rothenstein was also appointed"	Eric Kennington
15851682	He elected free agency after the season. On January 22, 2018, Lavarnway signed a minor league contract with the Pittsburgh Pirates, with an invitation to spring training. He hit .288/.375/.485 in 77 games for Triple-A Indianapolis, was called up to Pittsburgh on September 4, and had four hits in six at bats for the Pirates. He elected free agency on November 3. On November 6, 2018, Lavarnway signed a minor league deal with the New York Yankees with an invitation to spring training. Lavarnway played for Israel at the 2017 World Baseball Classic qualifier. Throughout the qualifier, Lavarnway was the	Ryan Lavarnway
11738144	"of the ""Dear Evan Hansen"" song ""Waving Through a Window"" for the deluxe edition of the cast recording, released on November 2, 2018. The show's creators Benj Pasek and Justin Paul had requested Perry to cover the song to promote the musical's national tour and bring awareness to mental health. On November 15, Perry released ""Cozy Little Christmas"" exclusively with Amazon Music. She also recorded the song ""Immortal Flame"" for the game ""Final Fantasy Brave Exvius"", and had a playable character modeled after her. During the early stages of her career, Perry's musical style gravitated towards gospel and she aspired"	Katy Perry
1666641	"Berchtesgadener Land Berchtesgadener Land is a ""Landkreis"" (district) in Bavaria, Germany. It is bounded by the district of Traunstein and by the state of Austria. The southern alpine regions were part of the stem duchy of Bavaria from the early Middle Ages. The 11th and 12th centuries saw the founding of numerous mountain villages. One of these settlements was Berchtesgaden, which later assumed a more dominant role in the administrative district that now bears its name. The northern portion of the Salzach river valley was traditionally part of the Prince-Archbishopric of Salzburg (an imperial principality ruled by the archbishop of"	Berchtesgadener Land
1438431	meters interpreted by a built-in computer, see metering mode. Negative/Print film tends to bias for exposing for the shadow areas (film dislikes being starved of light), with digital favouring exposure for highlights. See latitude below. Latitude is the degree by which one can over, or under expose an image, and still recover an acceptable level of quality from an exposure. Typically negative film has a better ability to record a range of brightness than slide/transparency film or digital. Digital should be considered to be the reverse of print film, with a good latitude in the shadow range, and a narrow	Exposure (photography)
9701686	Agnese Maffeis Agnese Maffeis (born 9 March 1965, in Bergamo) is an Italian discus thrower and shot putter. She won six medals, at senior level, at the International athletics competitions. She has 73 caps in national team from 1981 to 2003, second Italian athlete of all-time behind Marisa Masullo that have 79 caps. She finished twelfth at the 1989 World Indoor Championships and eighth at the 1997 World Championships. She also competed in the 1996 Olympics, but failed to qualify from her pool. At the Mediterranean Games she won gold medals in shot put in 1987 and 1993 and in	Agnese Maffeis
15326440	"Land"". In addition, it was nominated for Vocal Event of the Year at the Country Music Association awards, Best Country Collaboration with Vocals at the 51st Grammy Awards, and Vocal Event of the Year at the 44th Annual Academy of Country Music awards. Life in a Northern Town ""Life in a Northern Town"" is a song by British group The Dream Academy. The song is the lead single from their self-titled debut studio album ""The Dream Academy,"" released in 1985. The song was written as an elegy to British folk musician Nick Drake, who died in 1974, and the single's"	Life in a Northern Town
10790908	home, making it the most expensive house in the state. Stonington mansion Stonington (formerly Stonnington) is a private residence and former Australian Government House located in the Melbourne suburb of Malvern, at 336 Glenferrie Road. The house was built for John Wagner, a partner in Cobb and Co coaches. Stonington gave its name to the City of Stonnington, a Melbourne municipality. John Wagner, a partner in Cobb and Co coaches, built the house in 1890. The house was designed in the Italianate Victorian style by architect Charles D'Ebro. The house was named for the birthplace of Wagner's wife, Mary, in	Stonington mansion
2793221	"codice_1 program could be used for the more general task of picking up a random line from a plain-text file. The example of such use is given in the rc documentation. However, in most modern Unix systems codice_1 cannot be used this way, since they use an ad hoc file format for fortune files to allow multiline aphorisms. Conventional versions of codice_1 use two files for each quotation list: a text file with quotations, each separated by the character ""%"" on its own line, and a random-access data file generated by the codice_12(8) program. Alternative implementations, including those made for"	Fortune (Unix)
13102564	which made him an embarrassment to Jay's family. Two of Jay's homes, both located in Westchester County, have been designated National Historic Landmarks. From the age of three months old until he attended Kings College in 1760, Jay was raised in Rye, on a farm acquired by his father Peter in 1745 that overlooked Long Island Sound. After negotiating the Treaty of Paris that ended the Revolutionary War, Jay returned to his childhood home to celebrate with his family and friends in July, 1784. Jay inherited this property upon the death of his older brother Peter in 1813 after Jay	John Jay
15609694	Singerkach Bazar. The Makunda River flows at the South-East side of Mahammedpur. About 1500 peoples live in Mahammedpur. 90% of the people depend on agriculture, 2% are Government employees and businessman. The rest people are abroad in the United Kingdom and in the Middle East. Mahammedpur Govt. Primary School is a famous School for its performance. It started its full activity on 1973. A Private School for infant namely Green Bird Kindergarten School established on 2010. The children of this village achieve their Arabic and Religious education in Mahammedpur Jame- Masque. Mahammedpur is located about 20.50 km to the South	Mahammedpur
2217760	"unconventional for her time, especially from a female writer. In traditional Japanese values, women are perceived as (and are expected to be) gentle and modest. The domestic and societal roles of Japanese women were and are focused on procreation and raising children, especially boys. ""Midaregami"" not only expresses concepts and/or issues that pertain to women and are not normally voiced in such a public manner, but also created a new, revolutionary image of womanhood, as lively, free, sexual and assertive people, nothing at all like the conventional picture of the modest, demure young lady expected in Japan. Yosano's women were"	Yosano Akiko
1210800	and the average family size was 2.95. In the township the population was spread out, with 24.4% under the age of 18, 6.9% from 18 to 24, 28.4% from 25 to 44, 29.4% from 45 to 64, and 11.0% who were 65 years of age or older. The median age was 40 years. For every 100 females there were 101.4 males. For every 100 females age 18 and over, there were 98.9 males. The median income for a household in the township was $37,500, and the median income for a family was $44,219. Males had a median income of $29,500	Wolf Creek Township, Mercer County, Pennsylvania
5470712	the most expensive beach hut in the UK. Shaldon is part of Teignbridge local government district, which was created in 1974 under the Local Government Act 1972. The village had previously been in St Nicholas Parish. The parish contained Shaldon and part of the adjacent village of Ringmore, and became part of Teignmouth Urban District in 1881. The Shaldon regatta is one of the oldest in England dating back to at least 1817, if not before. The modern regatta runs for 9 days each August. On a hillside above the village are gardens created by Maria 'Laetitia' Kempe Homeyard in	Shaldon
18576730	named as his assistant manager. In the 2012–13 season Newport attained a 3rd-place finish, reaching the Conference National playoffs. Newport County won the 2013 Conference Premier play-off Final versus Wrexham at Wembley Stadium 2–0 to return to the Football League after a 25-year absence with promotion to Football League Two. On their return to the Football League in the 2013–14 season Newport County finished a creditable 14th in League Two. On 7 February 2015, with Newport County in 6th place in League Two, it was confirmed that Edinburgh had been appointed manager at League One Gillingham with Dack stepping up	Jimmy Dack
17078219	"Investigators of Arkham Horror"" (a fiction collection based on their Arkham Horror franchise), and ""Legacy of Dragonholt"", a narrative adventure game set in the Runebound universe. Annie VanderMeer Annie VanderMeer Mitsoda (also credited as Annie VanderMeer, Annie Carlson, Annie VanderMeer Carlson, and Anne VanderMeer) is an American video game designer specializing in role-playing video games, best known for her writing work on the 2008's """" and her design work on the 2012's ""Guild Wars 2"", and DoubleBear Productions' ""Dead State"" and ""PANIC at Multiverse High!"" She is the wife of game designer Brian Mitsoda. Annie VanderMeer attended Macalester College and"	Annie VanderMeer
3891788	and interacted with the trough, eventually leading to the formation of a tropical depression at 00:00 UTC on May 22. The newly formed cyclone moved northwest parallel to the coastline of Mexico while steadily organizing in a low wind shear regime, intensifying into Tropical Storm Agatha by 12:00 UTC that day and attaining peak winds of 60 mph (95 km/h) twelve hours later. Increasingly cool ocean temperatures and a drier air mass caused Agatha to weaken quickly thereafter, and it degenerated into a remnant low by 12:00 UTC on May 24. The post-tropical cyclone drifted aimlessly before dissipating well south	2004 Pacific hurricane season
9738609	in the same division one year earlier, at the All-Africa Games in Abuja, Nigeria. Abdelhani Kenzi Abdel Hani Kenzi (born 27 September 1973) is a boxer from Algeria. Kenzi participated in the 2004 Summer Olympics for his native North African country. There, he was stopped in the second round of the Light heavyweight (81 kg) division by Uzbekistan's eventual bronze medalist, Utkirbek Haydarov. He had formerly competed in the 2000 Summer Olympics. Kenzi qualified for the Athens Games by winning the gold medal at the 1st AIBA African 2004 Olympic Qualifying Tournament in Casablanca, Morocco. In the final of the	Abdelhani Kenzi
2632352	executed attacks on Bosnian-Serb forces. In 1995, 16th AF supported Operation Joint Endeavor, the NATO peacekeeping mission to the former Yugoslavia, through operations in Croatia, Hungary and Bosnia-Herzegovina. The years 1996 through 1998 saw continued high operations in 16th AF. It was the first Air Force organization to fully employ the Expeditionary Wing concept. The 16th Air and Space Expeditionary Task Force, consisting of the 16th and 31st Air Expeditionary Wings, activated in support of Operation Joint Guardian, and its air component, Operation Deliberate Guard, engaging air power for peace enforcement operations in Bosnia-Herzegovina. The 39th Air & Space Expeditionary	16th Air Expeditionary Task Force
2559919	"more heat must be removed before the water changes to solid state (ice), so water can be liquid or solid at . With the above definition there are simple ways in which the effect might be observed: For example, if the hotter temperature melts the frost on a cooling surface and thus increases the thermal conductivity between the cooling surface and the water container. On the other hand, there may be many circumstances in which the effect is not observed. Various effects of heat on the freezing of water were described by ancient scientists such as Aristotle: ""The fact that"	Mpemba effect
12116036	"WACM changed their format from Spanish tropical (as ""Bomba 1270"") to oldies, branded as ""Kool Radio AM"" (simulcasting WSKP 1180 AM Hope Valley, Rhode Island). WACM’s programming is also simulcasted on W261DD, a translator station broadcasting on 100.1 FM. WACM (AM) WACM (1270 AM, ""Kool Radio"") is a radio station licensed to serve Springfield, Massachusetts, United States. The station is owned by John Fuller, through licensee Red Wolf Broadcasting Corporation. It airs an oldies music format, simulcasting WSKP 1180 AM Hope Valley, RI. Throughout the 1960s and 1970s, the station had a Top 40 format. Later decades, the station had"	WACM (AM)
11777211	miss the United States Grand Prix at Laguna Seca. In 2014 he continued to race with Pramac Racing, with teammate Yonny Hernández. For the 2015 season, Iannone replaced Cal Crutchlow at Ducati Corse, and partners Andrea Dovizioso in the team. Iannone achieved his first MotoGP podium on his Ducati début, finishing third in Qatar. At Austin, he finished in fifth place behind Jorge Lorenzo, and also recorded the first fastest lap of his MotoGP career. Iannone was on course for a second podium in Argentina, but was passed for third on the final lap, by Crutchlow. At Phillip Island Iannone	Andrea Iannone
15377707	"were also conducted by Lucy Riall, a professor of history at Birkbeck College of University of London. Revisionism of Risorgimento Historian John A. Davis, said in 2005, ""Everyone, it seems, is busy rethinking, revisioning, revisiting, remaking, remapping or demythologizing the Risorgimento. However, it is not the Risorgimento that is being revisited but the changing images that have made it the potent founding myth of the Italian nation for successive generations of Italians."" In the 20th century, and especially since the end of World War II, the received interpretation of Italian unification, the ""Risorgimento"", has become the object of historical revisionism."	Revisionism of Risorgimento
11108280	active assault on the Church of England; Scarsdale resigned as Lord Lieutenant of Derbyshire in 1687 in protest. The tiny handful of non-Catholics like Hastings who stuck with James were viewed as participants in the persecution of their own Church; he was further damaged by his actions during the Convention Parliament in first voting against a Regency, then with the Jacobite loyalists and finally the Williamites. Other factors were the speed with which he switched from loyalist to Exclusionist to loyalist combined with the tendency to adopt extreme positions in each role. The historian Peter Walker argues that his overwhelming	Theophilus Hastings, 7th Earl of Huntingdon
3874510	the reasons I asked him to do so much in the movie, is that his songs have always had a feel to them, a kind of mood that fitted in with what we were doing. You'd die to make a video for some of his songs, he uses so many great images, and the rhythms he uses are amazing as well. In 1989 Olsen and Hutchence collaborated on a musical project, Max Q, producing a self-titled album combining electronic music with political paranoia. The Max Q band included Murphy, Michael Sheridan, and keyboardist Gus Till. After recording Olsen and Hutchence	Ollie Olsen
7398416	"actors, with the exceptions of John Stocker and Harvey Atkin, who reprised their roles as Toad and King Koopa, respectively. The show features new characters such as the Koopalings replacing the Koopa Pack. DiC Animation City produced this series in collaboration with the Italian studio Reteitalia S.P.A., while Nintendo provided the characters and power-ups. On July 1, 2015, the show was re-released to Steam by Cinedigm. ""The Adventures of Super Mario Bros. 3"" focuses on Mario, Luigi, Toad, and Princess Toadstool, who reside in the Mushroom World. Most of the episodes revolve around the four characters' efforts to prevent the"	The Adventures of Super Mario Bros. 3
10145602	Kairat Almaty. In October 2014, Smakov, along with Dmitri Khomich, Mikhail Bakayev, Zaurbek Pliyev and Aleksandr Kislitsyn, was banned from training with FC Kairat by the club. On 6 January 2015, Smakov, along with Aleksandr Kislitsyn, moved to FC Irtysh Pavlodar. On 4 August 2016, Smakov signed for FC Ordabasy until the end of the 2016 season. On 7 January 2018, Ordabasy announced that Smakov had joined FC Aktobe as their new General Director. Samat received his first cap for Kazakhstan on 31 March 2000 in an Asian Cup qualifier against Jordan at the age of 18. Since that time	Samat Smakov
7524088	fumble recoveries for touchdowns as a sophomore. He was a first-team All-America choice and Region VI Defensive Most Valuable Player at middle linebacker. He added first-team All-Jayhawk Conference accolades. During his first year at Alabama, Pope saw action in 13 games with three starts at middle linebacker as a junior. He ranked fifth on the team with 65 tackles (37 solo), including a sack, six stops for loss and three quarterback pressures. He also intercepted a pass, caused two fumbles and recovered another. Pope played in 12 games with ten starts at strongside linebacker as a senior when he served	Derrick Pope
14771386	"volunteering at GMHC, she served as the care partner for ten people with AIDS, and would drop everything to attend to them in cases of need, saying her ""number one concern is always my friends who have AIDS"", whom she would often visit in the hospital. She was an active fundraiser for GMHC, as well as with the People With AIDS Coalition, care programs at Saint Vincent's Catholic Medical Center and the development of an AIDS research laboratory at New York Hospital-Cornell Medical Center. Peabody died at age 80 on July 25, 2010, at her apartment on Fifth Avenue, due"	Judith Peabody
1555795	practice attested at the first half of the 2nd millennium BC and it was vigorously pursued by the Asian kings, Esarhaddon and his son, Ashurbanipal in the 20th century BC. Omens were interpreted by several methods—e.g., liver divination, lecanomancy, and libanomancy. Hepatoscopy—observing irregularities and abnormalities of the entrails of a sacrificial sheep—was used in many royal services. Astrological omens were popular in Assyria in the 7th century BC. Diviners gained influence by interpreting omens and advising the king, Esarhaddon (681-669 BC), how to avoid some terrible fate. Sometimes the Assyrian king hid for a while after he put a substitute	Omen
20906703	"identity and the surgeries their parents had approved for them by themselves after their Navy service. Zzyym is the first veteran to be issued a gender-neutral passport. In 2010, Republican representative Duncan D. Hunter implied that intersex people were always banned from service. This claim was contradicted by a veteran who stated that they were allowed to serve openly and be deployed to Desert Storm as an intersex woman. Activist Autumn Sandeen also refuted Hunter's claims in a statement on her blog. In contrast, another response to Hunter was from Choire Sicha of The Awl who stated that ""intersex people"	Intersex people and military service in the United States
16061910	"Familiepark, which also features other themes from Ivo Caprino's animation universe. A ""Super Videographer"" cinema was also included in the polar centre Polaria in Tromsø, Hardangervidda Natursenter in Eidfjord the Norwegian Glacier Museum in Fjærland and other locations. The cinema at Nordkapp was replaced with a new high-definition panorama cinema in 2009. Ivo Caprinos Supervideograf Ivo Caprinos Supervideograf (lit. ""Ivo Caprino's Super Videographer"") is a type of cinema technology used several places in Norway. It was developed by animator and filmmaker Ivo Caprino. It was introduced as part of a entertainment centre in Nordkapp in 1988. The screen spanned 225"	Ivo Caprinos Supervideograf
18667804	land, and the presence of Christians in the disputed territory prior to, and after, his settlement of the region meant it could not be his. On November 7, 1685, James issued a decision which called for a compromise. He ordered that the land between the Chesapeake and Delaware Bays be divided in half, with a line west from Cape Henlopen intersecting with a line drawn south from the 40th parallel. James kept the northern border of Maryland at the 40th parallel. Calvert still did not have the border surveyed, however. In December, 1688, King James gave Penn a new and	Penn–Calvert boundary dispute
4551355	converted railway station in Baltimore, County Cork. The Baltimore and Collanmore bases were re-integrated as part of the Les Glénans school but subsequently closed in 2013. The club operated largely using volunteer instructors, backed by a small professional staff on the bases and in the Baltimore office. A successor organisation, Baltimore Maritime Centre was formed in 2014 with a view to continuing sail training in Baltimore. Glenans Ireland Glenans Irish Sailing Club (GISC) was a non-profit sailing school affiliated to, but independent of the larger French Les Glénans sailing school. The Irish club was founded in 1969 as part of	Glenans Ireland
39807	"The existence of early traditions of Jesus' birth in Bethlehem is attested by the Christian apologist Justin Martyr, who stated in his ""Dialogue with Trypho"" (c. 155–161) that the Holy Family had taken refuge in a cave outside of the town. Origen of Alexandria, writing around the year 247, referred to a cave in the town of Bethlehem which local people believed was the birthplace of Jesus. This cave was possibly one which had previously been a site of the cult of Tammuz. Christmas rites are held in Bethlehem on three different dates: December 25 is the traditional date by"	Bethlehem
5783361	average in 2013 of 1498. The faculty at Wichita Collegiate School have received many honors. Some recent examples include the selection by The College Board of Science Department Chair Janice Crowley as National AP Teacher of the Year in 2008, and Kansas State Board of Education's official recognition of Wichita Collegiate teacher Jenifer Sinsel, the 2006 National Finalist in science at its July 2007 meeting. Sinsel has since left Collegiate. Sinsel is also the 2007 recipient of the National Science Teachers Association Sylvia Shugrue Award. Sinsel was one of only 20 teachers from throughout the United States to be selected	Wichita Collegiate School
6017137	"the next five years. He can be heard on ""Decoy"" (1984) and ""You're Under Arrest"" (1985), and several live concert albums. In 1985, he became a member of Sting's first solo band with Branford Marsalis, Kenny Kirkland, and Omar Hakim. With Sting he recorded the album ""Dream of the Blue Turtles"", the live album ""Bring on the Night"", and appeared in the documentary of the same name about the band's formation and tour. Jones toured and recorded sessions with Herbie Hancock & the Headhunters, Madonna, Eric Clapton, and more. During this time Jones also made his mark on the New"	Darryl Jones
18197549	to the ab subtypes of RR Lyrae variables; however, they are far brighter than these stars. Anomalous Cepheids are metal poor and have masses not much larger than the Sun's, on average, 1.5 solar masses. The origin of these stars is uncertain, but thought to possibly be from the merger of two stars. Detailed examination of the spectrum of BL Boötis with the Keck-1 telescope at the W. M. Keck Observatory showed that its effective (surface) temperature is around 6450 K at minimum light. It also showed that the chemical composition was consistent with ageing metal-poor (Population II) stars and	BL Boötis
17241193	Henrik Fleming Henrik Klasson Fleming (15 August 1584 - November 7, 1650) was a member of the Swedish nobility and admiral, diplomat and lord marshal. He was the author of one of the first autobiographies in Swedish, a colourful depiction of his early life which he wrote for his children in a moralising purpose. Fleming was born at Åkerholm in Ingå, Finland. He was raised at Yläne and Pöytyä in southwest Finland. He was a student in Rostock University (1602). He was part of the king's command in active military service, having participated as a captain under King Gustavus Adolphus	Henrik Fleming
10665698	"Sustainable sanitation Sustainable sanitation is a sanitation system designed to meet certain criteria and to work well over the long-term. The Sustainable Sanitation Alliance (SuSanA) includes five features (or criteria) in its definition of ""sustainable sanitation."" Systems need to be economically and socially acceptable, technically and institutionally appropriate and protect the environment and natural resources. The purpose of sustainable sanitation is the same as sanitation in general: to protect human health. However, ""sustainable sanitation"" attends to all processes of the system. This includes methods of collecting, transporting, treating and the disposal (or reuse) of waste. The Joint Monitoring Programme for"	Sustainable sanitation
9969514	"The Executioner (1963 film) The Executioner () is a 1963 Spanish black comedy film directed by Luis García Berlanga. It is widely considered one of the masterpieces of Spanish cinema. The story starts with the main character (an old executioner in Spain in the early 60's) approaching retirement age. As his profession is quite rare, he (a very gentle and nice man, caring, and proud of traditions) begins to worry about who might take his place when he retires. He has a daughter, but, unfortunately, she seems doomed to perpetual ""spinsterhood""; as soon as any prospective groom learns about her"	The Executioner (1963 film)
6142768	through 12th grades In August 2007, Walls was relocated to Capitol Hill in the Logan School building on G Street NE between Second and Third Streets NE (near Union Station and adjacent to the Securities & Exchange Commission headquarters). This temporary home was used for two years while the original building was renovated. The Logan School was renovated—including a new roof and internal work—during the summer of 2007 to accept students. In August 2009, The School Without Walls moved back into the Grant School following an opening ceremony by Mayor Adrian Fenty, DCPS chancellor Michelle Rhee and George Washington University	School Without Walls (Washington, D.C.)
15145756	"Neuvenge Neuvenge, Lapuleucel-T (APC 8024), is a therapeutic cancer vaccine (TCV) in development (clinical trial) by Dendreon (DNDN). It uses the ""immunotherapy platform approach"" first successfully demonstrated on the U.S. Food and Drug Administration (FDA)-approved TCV Provenge. It was first tested on breast cancer patients with tumors expressing HER2/neu, and is now scheduled to be tested on bladder cancer patients. The concept of immunotherapy for cancer has been known for hundreds of years and was used by Dr William Coley et al. in the 1800s. Coley's Toxins are still available outside of the US. The idea of harnessing the antigen"	Neuvenge
7034192	"roles in six episodes of the syndicated series, ""Judge Roy Bean"", with Edgar Buchanan, Jack Buetel, and Jackie Loughery. He also appeared as a guest star in the ABC western series, ""The Life and Legend of Wyatt Earp"", starring Hugh O'Brian in the title role. Coffin appeared in the role of Col. Willis Murdock on the ABC/Warner Brothers western series, ""Colt .45"" in the 1960 episode, ""The Cause"". On February 9, 1960, Coffin appeared as Grey Gordon in ""The 10 percent Blues"" of the ABC/WB crime drama, ""Bourbon Street Beat"", with Andrew Duggan, Richard Long, and Van Williams. He guest"	Tris Coffin
14725755	Korgalzhyn Korgalzhyn () is a village in the Akmola Region, Kazakhstan. It serves as the administrative center of Korgalzhyn District. The Nura River slowly flows around the selo. It is situated 120 km south-west of Astana. Population: The selo serves as the main and only base for entering the Saryarka — Steppe and Lakes of Northern Kazakhstan Unesco World Heritage site with Lake Tengiz at its heart. Many foreigners, mostly birdwatchers from all over the world come to the selo. To visit the protected area of Korgalzhyn Nature Reserve, one first needs to visit the Korgalzhy Museum and Administration Office	Korgalzhyn
15084064	"Indian cultivars suggesting a possible hybrid. Whatever the origin, one story states that a particular specimen was given to a Bowen Harbour and Customs Officer, GE Sandrock, who planted the seeds on his property. As the trees grew, Sandrock selected the seeds of the better fruits and passed them on to a Mr McDonald for his own plantings. From these plantings Mr Harry Lot, another local farmer, selected a particularly good variety and started his own small orchard on Adelaide Point, near Bowen. The resulting fruit was popular in the local markets and named after the original property: <nowiki>""</nowiki>Kensington'. Other"	Kensington Pride
5780424	"Pool frog The pool frog (""Pelophylax lessonae"") is a European frog. It is one of only four amphibian species recognized by the UK government as protected under its Biodiversity Action Plan. The reasons for declining populations are decreased pond habitat from human encroachment and also air pollution leading to over-nitrification of pond waters. Its specific name was chosen by the Italian herpetologist Lorenzo Camerano in order to honour his master Michele Lessona. The pool frog has not always been recognised as a native British species. Part of the reason for this is that other similar species are known to have"	Pool frog
18611784	have begun formally returning to the Jewish fold by reverting/converting to the faith, regaining their status as individual Jews. It should also be noted that at least one Israeli Chief Rabbi has ruled that Sephardic Bnei Anusim should be considered Jewish for all purposes, and that a symbolic ceremony denoting reversion/conversion is necessary only in the event of a marriage where a Sephardic Bnei Anusim origin is not shared by both spouses (i.e. a marriage between a spouse of Sephardic Bnei Anusim origin with a Jew from a community not of Sephardic Bnei Anusim origin). This pro-forma conversion for the	Sephardic Bnei Anusim
9663846	"her next target: Nathan Petrelli. The episode earned an 8.7/13 rating. In the 18-49 demographic, it earned a 6.3/14 rating. It was watched by 14.68 million viewers. Run! ""Run!"" is the fifteenth episode of the first season of the NBC science fiction drama series ""Heroes"". Regular cast members Milo Ventimiglia (Peter Petrelli) and Santiago Cabrera (Isaac Mendez) do not appear in this episode. Meredith calls and informs Nathan that their daughter Claire is still alive. Aware that the scandal could ruin his political future, Nathan gives Meredith $100,000 for her silence. Elsewhere, Mrs. Bennet's health deteriorates, causing the rift between"	Run!
13219284	"from the jaws of defeat. True freshman Luke Kuechly was pressed into service as a weakside linebacker due to the unexpected departure of Herzlich and became a national sensation. He led the team and conference and finished second in the nation in Total Tackles with 158. Kuechly was named to the ""CFN"" All-America Team, the ACC Defensive Rookie of the Year, and the Defensive MVP of the Emerald Bowl. 2009 Boston College Eagles football team The 2009 Boston College Eagles football team represented Boston College in the 2009 NCAA Division I FBS football season as a member of the Atlantic"	2009 Boston College Eagles football team
1673350	"Angeles, in support of the David Lynch Foundation's celebration of Ringo Starr's ""lifetime of peace and love"". In March 2014, Folds premiered a commissioned piano concerto he composed with the Nashville Symphony Orchestra. Folds wrote the soundtrack for the Netflix original film """", released in May 2017. Folds appeared as himself, albeit an exaggerated version, in Seasons 3 & 4 of the FXX comedy ""You're The Worst"". After Ben Folds Five split, Folds' first tour with a full band was to support the album ""Rockin' The Suburbs"". He was accompanied by Britt ""Snüzz"" Uzzell on guitar and electronic keyboard, Millard"	Ben Folds
7771320	oscillations cause an overall synaptic depression throughout the brain, where only the stronger neuronal pathways are kept from the previous day's LTP. There is a second requirement, however, if we are to keep our neuronal synapses. The wishful thinking receptor also has to be active if the synapses are to be kept. If a newly formed synapse is the result from some potentiation from the day, then presumably that synapse would not have had the time to form the wit pathways from the cell. Without wishful thinking activation, the synapses are much more prone to destruction and would likely get	Metaplasticity
18572325	board of the New York Philharmonic and the Metropolitan Opera, director emeritus of the Lincoln Center for the Performing Arts, the chairman’s council of the Metropolitan Museum of Art, Vice President of Venetian Heritage, and is former Chairman of the Board of the Friends of the Budapest Festival Orchestra. Soros has received several awards and honors for her philanthropic work, including: Daisy Soros Daisy M. Soros (née Schlenger) is a Hungarian-born American philanthropist and supporter of the arts. She is the chairman of the Paul & Daisy Soros Fellowship for New Americans, a fellowship program that supports two years of	Daisy Soros
16634273	"album sold approximately 5,300 units in an abbreviated week, debuting at number 83 on the ""Billboard"" 200 and appearing on several other ""Billboard"" charts as well. The album sold an estimated 3,700 the next week. During 2012, Stevens toured with the rest of Black Hippy and fellow American rapper Stalley, on BET's Music Matters Tour. In late 2012, Stevens was featured on Joe Budden's mixtape ""A Loose Quarter"" on the track ""Cut From a Different Cloth"". The song received praise as one of the best songs on the project. Budden has since announced that he and Ab-Soul have recorded many"	Ab-Soul
19088797	"so popular that it led to three new commissions:""The Great Spavaldos"", commissioned in 2012 by the Roundhouse as part of CircusFest; ""Rebels and Rubble"", commissioned by Battersea Arts Centre to celebrate its 120th birthday in 2013; and ""Le Grand Voyage"", for Harrogate Theatre as part of the 2014 Yorkshire Festival. Il Pixel Rosso's second show is another immersive and multi-sensory theatrical experience, in which two audience members at a time each takes on the role of a circus acrobat. Lyn Gardner described her own experience in the Guardian: 'In this neat little show, with the aid of video goggles, you"	Simon Wilkinson (transmedia artist)
4220841	traffic congestion in western Seoul and northern Incheon. Nine stations were added October 27, 2012, for the 10.2 km extension, starting from Onsu Station of Line 7 and ending at Bupyeong-gu Office Station of Incheon Subway Line 1. There are two future planned stations, Baekmajang and Seoknam, the latter of which would be a transfer station with Incheon Subway Line 2. Construction on the 3.94 km extension began in 2013 and is due to be completed in 2020. The further extension, in the conception stage as of 2012, would see the line extended another 12.2 km ending the line on	Seoul Subway Line 7
6595927	"payroll two years after his arrest. Helena Kempner Kobrin (born April 27, 1948) received her B.A. at Hofstra University and her J.D. at Seton Hall University. She was admitted to the bar in 1978, and at the California bar in 1991. She caused controversy on usenet in the mid-1990s when she tried to get the newsgroup alt.religion.scientology shut down, and later e-mailed legal warnings to participants who had quoted as few as six lines of Scientology texts. Moxon & Kobrin Moxon & Kobrin is a ""captive"" law firm of the Church of Scientology, meaning that it has no other clients"	Moxon & Kobrin
5205663	"has been the subject of two documentary films: the 2001 film ""Dita and the Family Business"", exploring the store from the point of view of its owners, and the 2013 feature documentary ""Scatter My Ashes at Bergdorf's"", which features many testimonials from designers and celebrities. The store has also made several appearances in the cartoon Neo Yokio. The protagonist, Kaz Kaan, and his rival, Arcangelo, both buy their suits from Bergdorf's. Bergdorf Goodman Bergdorf Goodman Inc. is a luxury department store based on Fifth Avenue in Midtown Manhattan in New York City. The company was founded in 1899 by Herman"	Bergdorf Goodman
6726329	debut in the 4–1 over Grimsby Town after coming off the bench. He made his move permanent on 1 January 2009. Due to a knee injury in January 2009, he decided to hang up his boots on 29 May 2009. After joining Sheffield United, being part of the Academy, Barker was named the manager of Bury's youth team from July 2010. Barker became caretaker manager of Bury in April 2011 after Alan Knill left for Scunthorpe United with eight games left in the season. Barker led Bury to six consecutive victories and promotion to League One. He was named Football	Richie Barker (footballer, born 1975)
6143425	attracted an increasing number of young people away from the folds of Orthodoxy. A group of young Orthodox Jews decided to do what they could to make Orthodox Judaism more relevant to their peers, and combat the wave of assimilation by Jews into Reform and secular American society. It developed informally with two programs, one for education and one for worship. The group developed a Friday night (Sabbath) lecture series in 1912, given in English. This was a major innovation in the Orthodox world. They were initially advised by rabbis Israel Friedlander and Mordecai Kaplan on topics and speakers. However,	National Council of Young Israel
12151049	chancellor and returned to the classroom as a tenured professor of chemistry. Senator Nunez's last election victory occurred on October 19, 1991, when he defeated fellow Democrat Mary B. Faucheux, 29,553 (68.2 percent) to 13,793 (31.8 percent). In the 1987 nonpartisan blanket primary, Nunez faced tougher competition, but he prevailed with 23,370 votes (50.7 percent) over six opponents, including the runner-up and only Republican in the field, Lynn Dean, an industrialist from Braithwaite in Plaquemines Parish, who drew 11,916 ballots (25.8 percent). Early in 1995, Nunez removed state Senator Foster Campbell of Bossier Parish, much later a candidate for governor	Samuel B. Nunez Jr.
900425	"Potter. They became neighbors, after the series ended, until his death on December 7, 2011. Swit continues to stay close to Alda, along with his wife, three daughters and seven grandchildren. In 1981, Swit played the Christine Cagney role in the movie pilot for the television series ""Cagney & Lacey"" but was precluded by contractual obligations from continuing the role. Actress Meg Foster portrayed Cagney for the first six episodes of the television series, with Sharon Gless taking over the role from that point on. Swit also guest-starred in shows such as ""Bonanza"", ""The Love Boat"", ""Win, Lose or Draw"","	Loretta Swit
6528787	oversight, the pilot's improper in-flight decision, and conditions conducive to pilot fatigue, fog, and night. April 8, 2003 St Louis, Missouri: an Aircraft Dassault Aviation DA-20C N179GA. The twin engine turbofan powered airplane was ditched into a river after a complete loss of power from both engines. Both pilots received serious injuries. The NTSB determined the probable cause(s). The pilot in command's improper in-flight decision not to divert to an alternate destination resulting in the exhaustion of the airplane's fuel supply, and his failure to relay his low fuel state to air traffic control in a timely manner. http://www.ntsb.gov/, http://www.aircargoworld.com/Air-Cargo-Excellence,	Grand Aire Express
18066404	"in elegant Parisian fashion and calling himself Cheng-Tsai Loo (Lu Qin Zhai), opened his own store on Rue Taitbout under the name ""Laiyuan and Company"" with branches soon to open in Beijing and Shanghai. Loo realized that Westerners preferred later works such as Qing dynasty three-color porcelains, which could supply in good quantities because of the political ties he formed. A friend remarked on Loo's sources in China: ""being in touch with important people... he was able to know of precious works of art which had been hidden from the storms of many revolutions."" Loo's timing was good. The reports"	C. T. Loo
20201646	"publishing it in his book """"Lepanto: la batalla, la galera ""Real"", recuerdos, reliquias y trofeos""."" Thanks to all this data The Maritime Museum of Barcelona began the construction of a replica in 1965, being finished in 1971, just for celebration of the centenary of the construction of the original galley, that was built in the same shipyard where the museum is located nowadays, her role as the Flagship of the Juan of Austria admiral of the Holy League against the Turks in the Battle of Lepanto in the Gulf of Corinth in 1571. In the years 1975-1978 Martínez-Hidalgo attended the"	José María Martínez-Hidalgo y Terán
9111301	Vellamo Vellamo (also known as Wellamo) is the goddess of water, lakes and seas in Finnish mythology. She is said to be tall and beautiful, and is much respected by fishermen, who pray to her for good fishing luck. Vellamo can also control the winds to help sailors, and she controls the storms and waves. Vellamo has magical cows that live on underwater fields. Sometimes, during the morning mist, she brings her cows above the surface to eat water hay. Vellamo wears a blue dress that is made from sea foam. Her name comes from the Finnish word 'velloa', which	Vellamo
18222704	"Coco, who was evidently not housebroken. After three months, van Genk was released and allowed to return home, but his apartment, which had been such a peculiar live-in ""Gesamtkunstwerk"", had been drastically transformed by cleaning, to the violated artist's chagrin. Not long thereafter, the police again involuntarily seized van Genk, who was placed under ‘compulsory psychiatric treatment for a maximum of six months because he was charged for the “nuisance caused to neighbors.”’ The approbation of the art world had not entailed the wider social acceptance of this troubled, difficult figure. The sad denouement of the artist’s life coincided with"	Willem van Genk
12898388	petrol station. In 2009, Moorlands and City Railways Ltd (MCR) bought the 20 miles of railway line from Stoke in the west-direction of Leek, with a view to reconnect Leek with the national network. A new station could be constructed in Leek, possibly on the Cornhill development on the outskirts of the town, although MCR would prefer it to be closer to the town centre, of course. Following its initial refusal of planning permission in September 2014, Moorlands District Council accepted a second proposal which would see a station provided next to the 17-acre Barnfield Industrial Estate in Cornhill, on	Leek railway station
3005316	"co-editor and best friend, but the magazine itself is in serious trouble, having been scooped by a rival magazine named ""Sparkle"" so often that the editor-in-chief believes someone inside ""Poise"" is tipping them off. Jenna, freaking out like the frightened teen she still is, wants only to find Matty. She gets his address and races down to Greenwich Village where the now-grown Matt (Mark Ruffalo) is a struggling photographer. To her confusion, he is distant and cold, and cannot even fill Jenna in on much of her missing past, because she became head of the ""Six now seven Chicks"", and"	13 Going on 30
5633783	"rhetoric earned for him the contemptuous nickname of Rosita la Pastelera (Rosie the compromiser/cake maker). Exiled in 1823, he took refuge in Paris, where he issued his ""Obras literarias"" (1827), including his ""Arte poética"", in which he exaggerated the literary theories already promulgated by Luzan. Returning to Spain in 1831, he became prime minister on the death of Ferdinand VII, but proved incapable of coping with the insurrectionary movement and resigned in 1834. It is worth noting that, before retiring, Martinez de la Rosa, as President of the Cabinet, approved the royal decree that finally abolished the Spanish Inquisition. He"	Francisco de Paula Martínez de la Rosa y Berdejo
14801725	"Sir Richard Poore, 4th Baronet Admiral Sir Richard Poore, 4th Baronet, KCB, CVO (7 July 1853 – 1930) was a Royal Navy officer who went on to be Commander-in-Chief, The Nore. Poore served in the Naval Brigade as part of the Perak expedition to Malaya in 1875. He also took part in the Bombardment of Alexandria in 1882 and the unsuccessful Nile Expedition to Khartoum to relieve General Gordon in 1884. He became Captain of HMS ""Hawke"" in 1897 and in that capacity was involved in operations that led to the pacification of Crete later that year. In April 1898"	Sir Richard Poore, 4th Baronet
3109892	list MacNaughton Mountain at , and some argue that it should be included in the High Peaks. However, more recent surveys list the mountain at . Adirondack High Peaks The Adirondack High Peaks is the name given to 46 mountain peaks in the Adirondack Mountains of New York, United States that were originally believed to comprise all of the Adirondack peaks higher than . However, later surveying showed that four of the peaks in the group are actually under this elevation, and one additional peak that is close to this elevation had been overlooked. Due to tradition, no mountains were	Adirondack High Peaks
12647257	"victory earned Colorado State their first-ever trip to the Holiday Bowl in San Diego, where the Rams lost a hard fought 24–14 affair to Michigan. Colorado State would finish the season with a 10–2 record. Though the season ended on a down note, the Rams' 10 wins were a program record for victories in a single season. The 10–2 campaign was the start of 10 straight winning seasons under Lubick, and also earned him National Coach of the Year honors from ""Sports Illustrated"". Lubick's Rams followed up their breakout campaign in 1994 with a strong 1995 season. With Smith earning"	Colorado State Rams football
3327376	state's attorney, like the Boer republics of the Orange Free State (1854–1902) and the South African Republic (1852–1902) in South Africa. In these cases the position corresponded to that of the attorney general in the British judicial system. It is used within the Attorney-General's Department of Sri Lanka. The principal duties of the state's attorney are usually mandated by law and include representing the State in all criminal trials for crimes which occurred in the state's attorney's geographical jurisdiction. The geographical jurisdiction of a state's attorney may be delineated by the boundaries of a county, judicial circuit, or judicial district.	State's attorney
7980550	Homer Township, Medina County, Ohio Homer Township is one of the eighteen townships of Medina County, Ohio, United States. The 2000 census found 1,461 people in the township. Located in the part of the county, it borders the following townships: No municipalities are located in Homer Township, although the unincorporated community of Homerville lies at the center of the township. Homer Township was established in 1839, and named after Homer, an ancient Greek poet. Statewide, the only other Homer Township is located in Morgan County. The township is governed by a three-member board of trustees, who are elected in November	Homer Township, Medina County, Ohio
9901202	"during 1-on-1 talk with fellow co-host, Jeong Hyeong-don, on ""Pause"" special (S04E300) that aired on October 20, 2012. He said, ""I think my life on television and variety shows will be tied to the fate of ""Infinite Challenge""... When will we ever get to do another program like this? No matter how hard you try, it's going to be impossible to do another film like this."" Yoo also co-hosts ""Come to Play"" with Kim Won-hee and ""Happy Together Season 3"". In particular, ""Happy Together"" is one of the longest running talk shows in Korea and has consistently earned high ratings."	Yoo Jae-suk
14829048	martial arts application requires a wide range of foot motion. The canvas material of the American version is much thicker and uses higher quality materials. 3. Color of the Shoe The original Chinese Feiyues originally came in only two colors, black and white with HI and LO version of each. The shoes were previously only available in a limited range of styles—simple stripes with some different colors. Now with BBC International on board the range of colors and style has grown tremendously. Feiyue China has also expanded to a wider range of colors and styles. 4. Style of the Shoe	Feiyue
689613	the Oxus bend, is the mountainous district of Darwaz, of which the physiography belongs rather to the Pamir type than to that of the Hindu Kush. A very remarkable meridional range extends for 100 miles northwards from the Hindu Kush (it is across this range that the route from Zebak to Ishkashim lies), which determines the great bend of the Oxus river northwards from Ishkashim, and narrows the valley of that river into the formation of a trough as far as the next bend westwards at Kala Wamar. The western slopes of this range drain to the Oxus either northwestwards,	Badakhshan
15002827	"Battle was named one of the Masters of African American Choreography by the Kennedy Center for the Performing Arts in 2005. In 2015 Battle was named a Ford Foundation ""Art of Change"" Fellow. He began the directorship on July 1, 2011, and is its third director since the company's 1958 inception. When receiving the position Battle says, ""I hope to be worthy of this tremendous responsibility that I've been given, and to honor it in the only way Alvin Ailey would have accepted: by keeping it now, alive and moving forward"". Although Battle was never formally part of the Ailey"	Robert Battle
13743947	"the Salford team earned the name ""Les Diables Rouges"", the seventeen players were; Joe Bradbury, Bob Brown, Aubrey Casewell, Paddy Dalton, Bert Day, Cliff Evans, Jack Feetham, George Harris, Barney Hudson, Emlyn Jenkins, Alf Middleton, Sammy Miller, Harold Osbaldestin, Les Pearson, Gus Risman, Billy Watkins and Billy Williams. Paddy Dalton Patrick Dalton (birth registered second ¼ – death unknown), also known by the nickname of ""Paddy"", was an English professional rugby league footballer who played in the 1930s and 1940s. He played at representative level for England, and English League XIII, and at club level for Salford, as a ,"	Paddy Dalton
11225650	Owen Vincent Coffin Owen Vincent Coffin (June 20, 1836 – January 13, 1921) was an American politician and the 56th Governor of Connecticut from 1895 to 1897. Coffin was born in Mansfield, New York. He studied at Cortland Academy and the Charlottesville Seminary. At seventeen he went to New York to be a salesman for a mercantile house, and two years later, in 1855, he became the New York representative of a prominent Connecticut manufacturing firm. In 1858, he married Ellen Elizabeth Coe, and they had two children. When the American Civil War broke out in 1861, he was a	Owen Vincent Coffin
1743560	"to come for a drink with his lady friend, but he turns down the invitation. Hubble inquires about their daughter Rachel, and if Katie's new husband is a good father to her. He shows no intention of meeting her, implying that he has not been a part of Rachel's life in the past, nor does he plan to be in her life in the future, to which Katie seems resigned, but content. Katie has remained faithful to who she is: flyers in hand, she is agitating now for ""Ban the bomb"", the new political cause. Their past is behind them,"	The Way We Were
17071483	two seasons, Campbell retired from the game in 1992. Greg Campbell (footballer) Gregory Robert Campbell (born 13 July 1965) is an English former footballer who played as a forward for West Ham United, Brighton & Hove Albion, Sparta Rotterdam, Plymouth Argyle and Northampton Town. Born in Portsmouth, Campbell started his football career in the youth team at West Ham United making his first team debut on 4 September 1984 in a 3-1 home win against Coventry City. In his second game, against Watford he suffered a broken jaw and did not play first-team football until 24 August 1985. The success	Greg Campbell (footballer)
6769057	"meets N-2. N-50 continues due north from Syracuse, meeting US 34 near Avoca. Near Manley, N-50 meets N-1. It continues north and curves northeast before meeting N-66. N-50 and N-66 overlap until the southwestern edge of Louisville, where they separate, though signage on N-50 has ""To N-66"" signs in the Louisville area, due to a gap in that highway in Louisville. After passing through Louisville, N-50 immediately crosses the Platte River and then immediately meets N-31. N-50 then goes northeast briefly and turns north to go through Springfield, where the highway becomes divided. As the highway approaches Omaha, it meets"	Nebraska Highway 50
20959563	"Bulletin de la Société Géologique de France The Bulletin de la Société Géologique de France, otherwise known as ""BSGF - Earth Sciences Bulletin"" is a peer-reviewed open access scientific journal covering Earth sciences. The journal publishes articles, short communications, reviews, comments and replies. It is published by EDP Sciences and the editor-in-chief is Laurent Jolivet (Sorbonne Université, Paris). The journal was established in 1830. It is a publication of the Société géologique de France. Most of the older content, published before 1924 is available online at the Biodiversity Heritage Library. The journal is a historically important venue for great debates"	Bulletin de la Société Géologique de France
5629937	the central modes of human thought and expression: mathematics, philosophy, literature, science, history, languages, and the fine and performing arts. All students develop a common core of knowledge in these fields, thereby achieving that sense of shared purpose and reciprocated understanding which is essential to the life of an intellectual community, while at the same time building a strong foundation for later and more specialized work. By completing the Common Curriculum, all students satisfy the requirements for the Certificate of Excellence in undergraduate education awarded by the State Board of Regents. Read on for a more detailed description of the	Louisiana Scholars' College
10825225	Raffles Hospital Raffles Hospital (abbreviation: RH)(Chinese: 莱佛士医院 : Lái fú shì yīyuàn) is a tertiary care private hospital of the Raffles Medical Group, a private healthcare provider in Singapore. On 12 September 1997, two companies, Raffles Medical Group and Pidemco Land formed a joint-venture company to convert Blanco Court. A former office-and-shopping block situated near the Bugis Mass Rapid Transit Station, into the present Raffles Hospital. Raffles Hospital is officially opened on 16 March 2002 by the former Deputy Prime Minister Lee Hsien Loong. The hospital is a L-shaped building covering of floor space over 13 floors. It is a	Raffles Hospital
14652525	"and retreated back to their ship due to fatigue and heat exhaustion. The event is regarded as a failure in United States naval history. On 12 March 1867, the United States merchantman ""Rover"" was sailing off Oluanpi, Formosa when she wrecked on an uncharted reef and began drifting out to sea. Her crew of over two dozen safely made it ashore but were attacked and killed by the Paiwanans. The Royal Navy ship reached the ""Koalut country"" on March 26, discovered the fate of the ""Rover"" and informed the American East India Station. Squadron commander Rear Admiral Henry H. Bell"	Formosa Expedition
19496355	Antaeotricha fumifica Antaeotricha fumifica is a moth in the family Depressariidae. It was described by Lord Walsingham in 1912. It is found in Mexico (Vera Cruz). The wingspan is about 24 mm. The forewings are white, with a somewhat clearly denned dark purplish fuscous shade along the dorsal half, interrupted before and behind the middle by patches of greyish fuscous suffusion, beyond the outer of which a curved shade of the darker colour arises from the tornus reaching to two-thirds of the width of the wing. A dark purplish fuscous spot at the end of the cell touches the upper	Antaeotricha fumifica
4208657	others obtained any more work for RAI, and working for Berlusconi's own TV networks (the other half of the TV system) was obviously unviable. A legal dispute has been ongoing, since Santoro contested a violation of his contract by RAI. He was supported by a court decision that should have forced RAI to give him the direction of a news magazine, but in the end Santoro was omitted. In the 2004 European elections, Santoro accepted the offer of candidacy proposed by the centre-left confederation called United in the Olive Tree. He was elected as MEP with a great poll success,	Michele Santoro
20014681	cycles of the polyomaviruses in which it occurs. One hypothesis for the evolutionary role of MTag relies on the observation that MPyV LTag lacks an apparent ability to bind the host cell tumor suppressor protein p53, which interacts with the LTag proteins of other polyomaviruses such as SV40. The function of MTag is thus hypothesized to indirectly replace this lost interaction. MTag's most distinctive property is its efficiency as an oncoprotein. It has the ability to induce neoplastic transformation in a variety of cell types and can immortalize cells in culture. Its effectiveness in transformation is thought to be somewhat	Middle tumor antigen
8242780	"of the portrayal of Chakotay—a Native American character—as dismissive of Torres' sincere belief in her experiences, writing that ""[n]o Native person would ever dismiss another's visions as hallucinations or tell them to ignore their religious beliefs"". She cited it as one instance in which the series represented Chakotay as ""the quintessential Tonto in outer space"". ""Barge of the Dead"" was first broadcast on October 6, 1999, on UPN at 8:00 pm Eastern Standard Time in the United States. The episode received a Nielsen rating of 3.8/6 ratings share. This means 3.8 percent of all households with a television viewed the"	Barge of the Dead
7325785	Duxbury Woods Duxbury Woods is an area of woodland and parkland situated in Chorley, Lancashire, at the foot of the West Pennine Moors. The area originally existed as a township with the council meeting at the Yarrow Bridge pub; this was absorbed into Chorley Rural District in the early 20th century. Duxbury today is home to Duxbury Jubilee Park, Duxbury Golf Course, the woods and the River Yarrow. It was also home to Duxbury Hall, the seat of the Standish family. The estate and grounds still exist with the gardens, stables, coachhouse, 16th century barn and Lodges on Bolton Road	Duxbury Woods
